Rank 2015,Rank 2014,School Name,Cost '15,Cost '14,% Change
1,1,Aerosim Flight Academy,"$82,824 ","$82,824 ",0.00%
2,2,Aviator College of Aeronautical Science and Technology,"$66,400 ","$55,496 ",19.65%
3,5,University of Chicago,"$64,988 ","$53,438 ",21.61%
4,3,Landmark College,"$64,830 ","$50,800 ",27.62%
5,6,Columbia University in the City of New York,"$64,144 ","$45,396 ",41.30%
6,4,Sarah Lawrence College,"$64,122 ","$43,180 ",48.50%
7,14,Harvey Mudd College,"$63,860 ","$60,613 ",5.36%
8,7,New York University,"$63,540 ","$61,407 ",3.47%
9,10,Fordham University,"$63,438 ","$61,073 ",3.87%
10,12,Occidental College,"$63,363 ","$60,655 ",4.46%
11,8,Dartmouth College,"$63,279 ","$61,398 ",3.06%
12,11,Northwestern University,"$63,193 ","$60,840 ",3.87%
13,9,Wesleyan University,"$62,849 ","$61,167 ",2.75%
14,17,Bard College,"$62,572 ","$60,280 ",3.80%
15,13,The Boston Conservatory,"$62,471 ","$60,655 ",2.99%
16,22,Trinity College,"$62,310 ","$59,865 ",4.08%
17,21,University of Southern California,"$62,180 ","$59,883 ",3.84%
18,19,Georgetown University,"$62,179 ","$59,900 ",3.80%
19,27,Oberlin College,"$62,132 ","$59,683 ",4.10%
20,26,Carnegie Mellon University,"$62,032 ","$59,710 ",3.89%
21,18,Claremont McKenna College,"$62,010 ","$60,065 ",3.24%
22,38,Franklin W Olin College of Engineering,"$61,956 ","$59,275 ",4.52%
23,15,Bennington College,"$61,920 ","$60,540 ",2.28%
24,28,Haverford College,"$61,898 ","$59,654 ",3.76%
25,33,Williams College,"$61,850 ","$59,412 ",4.10%
26,1959,Webb Institute,"$61,820 ","$18,520 ",233.80%
27,32,Rensselaer Polytechnic Institute,"$61,820 ","$59,470 ",3.95%
28,16,Washington University in St Louis,"$61,808 ","$60,345 ",2.42%
29,29,University of Pennsylvania,"$61,800 ","$59,600 ",3.69%
30,31,Duke University,"$61,748 ","$59,528 ",3.73%
31,36,Yale University,"$61,620 ","$59,320 ",3.88%
32,30,Cornell University,"$61,618 ","$59,591 ",3.40%
33,45,Amherst College,"$61,544 ","$59,060 ",4.21%
34,23,Barnard College,"$61,512 ","$59,824 ",2.82%
35,49,Johns Hopkins University,"$61,502 ","$58,980 ",4.28%
36,43,Boston University,"$61,446 ","$59,100 ",3.97%
37,48,George Washington University,"$61,446 ","$58,985 ",4.17%
38,39,Pitzer College,"$61,416 ","$59,266 ",3.63%
39,34,Bard College at Simon's Rock,"$61,403 ","$59,385 ",3.40%
40,50,Scripps College,"$61,370 ","$58,888 ",4.21%
41,56,Southern Methodist University,"$61,355 ","$58,689 ",4.54%
42,42,University of Rochester,"$61,340 ","$59,156 ",3.69%
43,35,Vassar College,"$61,320 ","$59,320 ",3.37%
44,54,Pepperdine University,"$61,192 ","$58,772 ",4.12%
45,47,Tulane University of Louisiana,"$61,178 ","$59,000 ",3.69%
46,20,Vanderbilt University,"$61,112 ","$59,890 ",2.04%
47,46,Brandeis University,"$61,070 ","$59,050 ",3.42%
48,44,Bucknell University,"$61,060 ","$59,090 ",3.33%
49,25,Rhode Island School of Design,"$61,054 ","$59,718 ",2.24%
50,37,Bates College,"$61,000 ","$59,285 ",2.89%
51,52,Tufts University,"$61,000 ","$58,800 ",3.74%
52,53,University of Miami,"$60,906 ","$58,782 ",3.61%
53,59,Skidmore College,"$60,900 ","$58,562 ",3.99%
54,55,Connecticut College,"$60,780 ","$58,690 ",3.56%
55,58,Franklin and Marshall College,"$60,765 ","$58,580 ",3.73%
56,51,Stanford University,"$60,749 ","$58,846 ",3.23%
57,57,Boston College,"$60,706 ","$58,686 ",3.44%
58,60,Swarthmore College,"$60,671 ","$58,481 ",3.74%
59,40,Stevens Institute of Technology,"$60,554 ","$59,260 ",2.18%
60,61,Babson College,"$60,504 ","$58,450 ",3.51%
61,67,Brown University,"$60,460 ","$58,140 ",3.99%
62,62,Carleton College,"$60,425 ","$58,275 ",3.69%
63,63,Wake Forest University,"$60,242 ","$58,260 ",3.40%
64,64,Dickinson College,"$60,183 ","$58,229 ",3.36%
65,71,Smith College,"$60,167 ","$57,913 ",3.89%
66,74,Hampshire College,"$60,155 ","$57,820 ",4.04%
67,69,Union College,"$60,150 ","$58,100 ",3.53%
68,75,University of Notre Dame,"$60,117 ","$57,805 ",4.00%
69,154,Cooper Union for the Advancement of Science and Art,"$60,075 ","$53,895 ",11.47%
70,72,Kenyon College,"$60,070 ","$57,910 ",3.73%
71,77,Colgate University,"$60,050 ","$57,745 ",3.99%
72,92,Harvard University,"$59,950 ","$57,050 ",5.08%
73,66,Emory University,"$59,908 ","$58,180 ",2.97%
74,65,Bowdoin College,"$59,900 ","$58,200 ",2.92%
75,79,Hobart William Smith Colleges,"$59,850 ","$57,699 ",3.73%
76,83,Bryn Mawr College,"$59,760 ","$57,586 ",3.78%
77,81,Lafayette College,"$59,750 ","$57,688 ",3.57%
78,101,St John's College,"$59,732 ","$56,628 ",5.48%
79,94,Pomona College,"$59,730 ","$57,014 ",4.76%
80,68,The New School,"$59,691 ","$58,114 ",2.71%
81,76,Reed College,"$59,630 ","$57,770 ",3.22%
82,85,Hamilton College,"$59,590 ","$57,420 ",3.78%
83,82,Santa Clara University,"$59,589 ","$57,681 ",3.31%
84,78,Polytechnic Institute of New York University,"$59,570 ","$57,712 ",3.22%
85,84,St Lawrence University,"$59,550 ","$57,485 ",3.59%
86,41,Middlebury College,"$59,470 ","$59,200 ",0.46%
87,80,Chapman University,"$59,459 ","$57,688 ",3.07%
88,73,Rollins College,"$59,438 ","$57,820 ",2.80%
89,24,Cleveland Institute of Music,"$59,413 ","$59,778 ",-0.61%
90,70,Drew University,"$59,362 ","$58,026 ",2.30%
91,86,Colby College,"$59,110 ","$57,300 ",3.16%
92,90,Wellesley College,"$59,092 ","$57,164 ",3.37%
93,95,Massachusetts Institute of Technology,"$59,020 ","$57,010 ",3.53%
94,87,Ursinus College,"$58,880 ","$57,270 ",2.81%
95,88,Dominican University of California,"$58,860 ","$57,266 ",2.78%
96,109,California Institute of Technology,"$58,755 ","$56,382 ",4.21%
97,104,Villanova University,"$58,736 ","$56,583 ",3.81%
98,108,Pratt Institute-Main,"$58,734 ","$56,398 ",4.14%
99,89,Fairfield University,"$58,730 ","$57,240 ",2.60%
100,93,St John's College,"$58,630 ","$57,028 ",2.81%
101,96,Loyola University Maryland,"$58,578 ","$56,960 ",2.84%
102,103,Washington and Lee University,"$58,575 ","$56,616 ",3.46%
103,97,Wheaton College,"$58,574 ","$56,934 ",2.88%
104,112,University of Redlands,"$58,559 ","$56,050 ",4.48%
105,91,Berklee College of Music,"$58,522 ","$57,131 ",2.43%
106,105,School of the Art Institute of Chicago,"$58,495 ","$56,560 ",3.42%
107,102,University of San Francisco,"$58,384 ","$56,624 ",3.11%
108,106,Saint Mary's College of California,"$58,365 ","$56,536 ",3.24%
109,118,Gettysburg College,"$58,320 ","$55,770 ",4.57%
110,98,California Institute of the Arts,"$58,296 ","$56,822 ",2.59%
111,100,University of San Diego,"$58,189 ","$56,713 ",2.60%
112,114,Northeastern University,"$58,096 ","$56,026 ",3.69%
113,110,Worcester Polytechnic Institute,"$58,060 ","$56,230 ",3.25%
114,121,San Francisco Art Institute,"$57,932 ","$55,714 ",3.98%
115,116,Drexel University,"$57,870 ","$55,910 ",3.51%
116,99,College of the Holy Cross,"$57,832 ","$56,730 ",1.94%
117,113,Case Western Reserve University,"$57,798 ","$56,026 ",3.16%
118,115,University of Richmond,"$57,630 ","$56,010 ",2.89%
119,107,Providence College,"$57,625 ","$56,402 ",2.17%
120,135,Clarkson University,"$57,514 ","$55,030 ",4.51%
121,129,Macalester College,"$57,478 ","$55,393 ",3.76%
122,137,Davidson College,"$57,458 ","$54,930 ",4.60%
123,123,Syracuse University,"$57,450 ","$55,600 ",3.33%
124,145,Colorado College,"$57,400 ","$54,350 ",5.61%
125,122,Loyola Marymount University,"$57,379 ","$55,708 ",3.00%
126,120,Furman University,"$57,276 ","$55,750 ",2.74%
127,124,Lehigh University,"$57,145 ","$55,515 ",2.94%
128,128,Rose-Hulman Institute of Technology,"$57,138 ","$55,413 ",3.11%
129,131,University of the Pacific,"$57,033 ","$55,191 ",3.34%
130,146,Pace University-New York,"$56,999 ","$54,318 ",4.94%
131,125,St John's University-New York,"$56,971 ","$55,506 ",2.64%
132,138,Bentley University,"$56,930 ","$54,888 ",3.72%
133,136,University of California-Santa Barbara,"$56,929 ","$54,945 ",3.61%
134,133,Catholic University of America,"$56,842 ","$55,084 ",3.19%
135,132,Mills College,"$56,812 ","$55,090 ",3.13%
136,130,American University,"$56,808 ","$55,353 ",2.63%
137,139,Whitman College,"$56,600 ","$54,865 ",3.16%
138,143,Denison University,"$56,520 ","$54,490 ",3.73%
139,127,University of California-Merced,"$56,377 ","$55,490 ",1.60%
140,164,Grinnell College,"$56,354 ","$53,318 ",5.69%
141,158,School of the Museum of Fine Arts-Boston,"$56,253 ","$53,668 ",4.82%
142,119,University of California-Berkeley,"$56,197 ","$55,766 ",0.77%
143,148,California College of the Arts,"$56,134 ","$54,298 ",3.38%
144,150,University of Denver,"$56,077 ","$54,285 ",3.30%
145,111,University of California-Santa Cruz,"$56,031 ","$56,173 ",-0.25%
146,153,University of Puget Sound,"$55,948 ","$53,940 ",3.72%
147,134,University of California-Davis,"$55,944 ","$55,046 ",1.63%
148,151,The New England Conservatory of Music,"$55,870 ","$54,125 ",3.22%
149,149,Manhattan School of Music,"$55,850 ","$54,290 ",2.87%
150,141,Princeton University,"$55,832 ","$54,780 ",1.92%
151,152,Quinnipiac University,"$55,780 ","$54,000 ",3.30%
152,169,Ohio Wesleyan University,"$55,690 ","$52,960 ",5.15%
153,157,Lewis & Clark College,"$55,666 ","$53,718 ",3.63%
154,160,Ithaca College,"$55,587 ","$53,567 ",3.77%
155,117,Ringling College of Art and Design,"$55,557 ","$55,790 ",-0.42%
156,126,Mount Holyoke College,"$55,496 ","$55,496 ",0.00%
157,147,Otis College of Art and Design,"$55,430 ","$54,300 ",2.08%
158,155,Muhlenberg College,"$55,370 ","$53,880 ",2.77%
159,162,The University of the Arts,"$55,327 ","$53,508 ",3.40%
160,140,University of California-Los Angeles,"$55,294 ","$54,810 ",0.88%
161,144,University of California-Riverside,"$55,116 ","$54,475 ",1.18%
162,166,Maryland Institute College of Art,"$55,100 ","$53,170 ",3.63%
163,156,Yeshiva University,"$55,075 ","$53,825 ",2.32%
164,161,University of Scranton,"$55,008 ","$53,540 ",2.74%
165,168,School of Visual Arts,"$54,883 ","$53,043 ",3.47%
166,174,Willamette University,"$54,813 ","$52,796 ",3.82%
167,167,Saint Joseph's University,"$54,772 ","$53,130 ",3.09%
168,185,Illinois Institute of Technology,"$54,677 ","$51,922 ",5.31%
169,159,Fairleigh Dickinson University-College at Florham,"$54,502 ","$53,644 ",1.60%
170,175,Washington College,"$54,312 ","$52,518 ",3.42%
171,180,Rice University,"$54,291 ","$52,242 ",3.92%
172,181,Hofstra University,"$54,289 ","$52,103 ",4.20%
173,177,Cleveland Institute of Art,"$54,161 ","$52,403 ",3.35%
174,142,Widener University-Main Campus,"$54,019 ","$54,771 ",-1.37%
175,172,University of Portland,"$53,958 ","$52,842 ",2.11%
176,188,Wagner College,"$53,924 ","$51,619 ",4.47%
177,187,The Juilliard School,"$53,920 ","$51,756 ",4.18%
178,236,Baylor University,"$53,886 ","$49,038 ",9.89%
179,178,Menlo College,"$53,834 ","$52,388 ",2.76%
180,197,Stetson University,"$53,712 ","$50,972 ",5.38%
181,165,Whittier College,"$53,700 ","$53,318 ",0.72%
182,186,Westmont College,"$53,670 ","$51,760 ",3.69%
183,173,New York Conservatory for Dramatic Arts,"$53,657 ","$52,823 ",1.58%
184,184,Bryant University,"$53,598 ","$51,931 ",3.21%
185,179,Sacred Heart University,"$53,569 ","$52,260 ",2.50%
186,194,Emerson College,"$53,554 ","$51,186 ",4.63%
187,192,The College of Wooster,"$53,500 ","$51,300 ",4.29%
188,183,University of Michigan-Ann Arbor,"$53,490 ","$51,976 ",2.91%
189,190,University of Virginia-Main Campus,"$53,461 ","$51,337 ",4.14%
190,163,Saint Louis University,"$53,438 ","$53,438 ",0.00%
191,189,Rhodes College,"$53,422 ","$51,340 ",4.06%
192,171,University of California-Irvine,"$53,382 ","$52,906 ",0.90%
193,170,University of California-San Diego,"$53,348 ","$52,906 ",0.84%
194,196,DePauw University,"$53,290 ","$51,050 ",4.39%
195,195,Goucher College,"$52,908 ","$51,160 ",3.42%
196,201,Colby-Sawyer College,"$52,800 ","$50,870 ",3.79%
197,199,University of the Sciences,"$52,766 ","$50,906 ",3.65%
198,198,Earlham College,"$52,710 ","$50,930 ",3.49%
199,176,Florida Institute of Technology,"$52,690 ","$52,490 ",0.38%
200,191,Simmons College,"$52,610 ","$51,320 ",2.51%
201,205,Seattle University,"$52,605 ","$50,610 ",3.94%
202,204,California Lutheran University,"$52,577 ","$50,753 ",3.59%
203,210,Bellarmine University,"$52,574 ","$50,420 ",4.27%
204,225,New York School of Interior Design,"$52,540 ","$49,526 ",6.09%
205,207,Hendrix College,"$52,536 ","$50,568 ",3.89%
206,209,University of Detroit Mercy,"$52,400 ","$50,492 ",3.78%
207,200,Stonehill College,"$52,370 ","$50,885 ",2.92%
208,182,Manhattanville College,"$52,240 ","$52,060 ",0.35%
209,211,Fairleigh Dickinson University-Metropolitan Campus,"$52,036 ","$50,284 ",3.48%
210,213,Allegheny College,"$52,020 ","$50,150 ",3.73%
211,262,Manhattan College,"$52,005 ","$48,335 ",7.59%
212,216,Lake Forest College,"$52,000 ","$50,000 ",4.00%
213,219,University of La Verne,"$51,997 ","$49,943 ",4.11%
214,212,Arcadia University,"$51,970 ","$50,270 ",3.38%
215,206,Lawrence University,"$51,897 ","$50,570 ",2.62%
216,208,St Olaf College,"$51,860 ","$50,550 ",2.59%
217,214,Eckerd College,"$51,796 ","$50,062 ",3.46%
218,220,La Salle University,"$51,770 ","$49,910 ",3.73%
219,238,Loyola University New Orleans,"$51,760 ","$49,028 ",5.57%
220,217,Washington & Jefferson College,"$51,690 ","$49,970 ",3.44%
221,231,Rider University,"$51,670 ","$49,260 ",4.89%
222,203,Marlboro College,"$51,590 ","$50,770 ",1.62%
223,232,Hampden-Sydney College,"$51,577 ","$49,136 ",4.97%
224,331,Southern California Institute of Architecture,"$51,420 ","$45,936 ",11.94%
225,230,Susquehanna University,"$51,400 ","$49,300 ",4.26%
226,227,Roanoke College,"$51,371 ","$49,363 ",4.07%
227,215,Emmanuel College,"$51,363 ","$50,018 ",2.69%
228,223,College of William and Mary,"$51,306 ","$49,712 ",3.21%
229,222,Savannah College of Art and Design,"$51,279 ","$49,718 ",3.14%
230,229,Kettering University,"$51,277 ","$49,303 ",4.00%
231,226,Loyola University Chicago,"$51,273 ","$49,388 ",3.82%
232,218,Mount St Mary's College,"$51,100 ","$49,946 ",2.31%
233,228,Corcoran College of Art and Design,"$51,080 ","$49,330 ",3.55%
234,244,University of Tulsa,"$51,035 ","$48,803 ",4.57%
235,224,Ohio Northern University,"$50,960 ","$49,618 ",2.70%
236,252,LIU Post,"$50,934 ","$48,624 ",4.75%
237,240,Saint Michael's College,"$50,920 ","$48,960 ",4.00%
238,234,Curry College,"$50,845 ","$49,125 ",3.50%
239,237,Moore College of Art and Design,"$50,838 ","$49,036 ",3.67%
240,241,Hartwick College,"$50,815 ","$48,945 ",3.82%
241,254,Kalamazoo College,"$50,800 ","$48,547 ",4.64%
242,202,Elmira College,"$50,800 ","$50,800 ",0.00%
243,193,Wittenberg University,"$50,766 ","$51,266 ",-0.98%
244,261,Texas Christian University,"$50,720 ","$48,360 ",4.88%
245,221,University of Colorado Boulder,"$50,655 ","$49,750 ",1.82%
246,242,Regis College,"$50,630 ","$48,925 ",3.48%
247,247,LIU Brooklyn,"$50,514 ","$48,768 ",3.58%
248,269,Pacific University,"$50,486 ","$47,922 ",5.35%
249,263,Beloit College,"$50,406 ","$48,236 ",4.50%
250,250,Saint Anselm College,"$50,394 ","$48,655 ",3.57%
251,271,Kansas City Art Institute,"$50,362 ","$47,708 ",5.56%
252,257,Illinois Wesleyan University,"$50,352 ","$48,522 ",3.77%
253,256,Seton Hall University,"$50,318 ","$48,526 ",3.69%
254,258,University of New England,"$50,295 ","$48,520 ",3.66%
255,243,University of New Haven,"$50,210 ","$48,910 ",2.66%
256,249,The University of Texas at Austin,"$50,200 ","$48,730 ",3.02%
257,260,Gustavus Adolphus College,"$50,110 ","$48,440 ",3.45%
258,246,College for Creative Studies,"$50,110 ","$48,780 ",2.73%
259,255,University of Bridgeport,"$50,043 ","$48,538 ",3.10%
260,267,Dean College,"$49,990 ","$48,090 ",3.95%
261,239,Suffolk University,"$49,979 ","$48,965 ",2.07%
262,270,College of Saint Benedict,"$49,970 ","$47,789 ",4.56%
263,253,Salve Regina University,"$49,950 ","$48,600 ",2.78%
264,306,University of Saint Joseph,"$49,923 ","$46,500 ",7.36%
265,251,College of the Atlantic,"$49,890 ","$48,639 ",2.57%
266,245,University of Vermont,"$49,814 ","$48,791 ",2.10%
267,264,Wells College,"$49,800 ","$48,200 ",3.32%
268,259,Lesley University,"$49,765 ","$48,515 ",2.58%
269,278,Butler University,"$49,698 ","$47,468 ",4.70%
270,268,Merrimack College,"$49,685 ","$48,060 ",3.38%
271,279,Norwich University,"$49,655 ","$47,458 ",4.63%
272,277,Elizabethtown College,"$49,650 ","$47,500 ",4.53%
273,319,University of Dayton,"$49,540 ","$46,250 ",7.11%
274,248,Lynn University,"$49,535 ","$48,735 ",1.64%
275,266,Wofford College,"$49,449 ","$48,129 ",2.74%
276,283,Philadelphia University,"$49,426 ","$47,316 ",4.46%
277,233,Roger Williams University,"$49,394 ","$49,136 ",0.53%
278,273,DePaul University,"$49,367 ","$47,540 ",3.84%
279,272,Iona College,"$49,295 ","$47,678 ",3.39%
280,317,Knox College,"$49,252 ","$46,324 ",6.32%
281,280,Juniata College,"$49,220 ","$47,430 ",3.77%
282,281,Albright College,"$49,160 ","$47,390 ",3.73%
283,302,Immaculata University,"$49,130 ","$46,578 ",5.48%
284,282,Sweet Briar College,"$49,105 ","$47,333 ",3.74%
285,276,Moravian College,"$49,090 ","$47,502 ",3.34%
286,286,Holy Names University,"$49,041 ","$47,153 ",4.00%
287,265,Notre Dame de Namur University,"$49,038 ","$48,200 ",1.74%
288,322,Cornell College,"$48,905 ","$46,135 ",6.00%
289,284,Western New England University,"$48,890 ","$47,246 ",3.48%
290,297,Mount St Mary's University,"$48,858 ","$46,672 ",4.68%
291,294,Hood College,"$48,830 ","$46,730 ",4.49%
292,275,Clark University,"$48,770 ","$47,520 ",2.63%
293,314,Marymount Manhattan College,"$48,740 ","$46,376 ",5.10%
294,326,The King’s College,"$48,717 ","$46,090 ",5.70%
295,329,University of Dallas,"$48,710 ","$46,060 ",5.75%
296,290,Marquette University,"$48,669 ","$46,897 ",3.78%
297,274,Utica College,"$48,650 ","$47,528 ",2.36%
298,318,Trinity University,"$48,630 ","$46,274 ",5.09%
299,288,Lebanon Valley College,"$48,630 ","$47,050 ",3.36%
300,351,New York Institute of Technology,"$48,552 ","$45,392 ",6.96%
301,311,Saint Johns University,"$48,546 ","$46,426 ",4.57%
302,298,Gonzaga University,"$48,530 ","$46,615 ",4.11%
303,285,Assumption College,"$48,521 ","$47,195 ",2.81%
304,295,Woodbury University,"$48,512 ","$46,693 ",3.90%
305,300,Luther College,"$48,435 ","$46,605 ",3.93%
306,296,New England College,"$48,430 ","$46,678 ",3.75%
307,235,University of St Thomas,"$48,400 ","$49,054 ",-1.33%
308,287,DeSales University,"$48,398 ","$47,136 ",2.68%
309,299,Marist College,"$48,390 ","$46,610 ",3.82%
310,310,Cornish College of the Arts,"$48,370 ","$46,430 ",4.18%
311,301,John Carroll University,"$48,310 ","$46,580 ",3.71%
312,1167,American Academy of Dramatic Arts-New York,"$48,310 ","$31,210 ",54.79%
313,323,Pacific Lutheran University,"$48,308 ","$46,118 ",4.75%
314,320,McDaniel College,"$48,300 ","$46,240 ",4.46%
315,1027,Pacific Northwest College of Art,"$48,221 ","$33,064 ",45.84%
316,289,Mercer University,"$48,212 ","$47,033 ",2.51%
317,334,Albion College,"$48,195 ","$45,884 ",5.04%
318,335,Linfield College-McMinnville Campus,"$48,182 ","$45,778 ",5.25%
319,307,Hollins University,"$48,180 ","$46,495 ",3.62%
320,291,University of Hartford,"$48,170 ","$46,840 ",2.84%
321,390,Anna Maria College,"$48,146 ","$44,392 ",8.46%
322,340,Canisius College,"$48,102 ","$45,680 ",5.30%
323,292,Southwestern University,"$48,080 ","$46,810 ",2.71%
324,293,Creighton University,"$48,058 ","$46,776 ",2.74%
325,328,Whitworth University,"$48,055 ","$46,066 ",4.32%
326,338,Carthage College,"$48,050 ","$45,700 ",5.14%
327,313,Centre College,"$48,020 ","$46,400 ",3.49%
328,304,Sewanee-The University of the South,"$47,970 ","$46,530 ",3.09%
329,330,Marymount California University,"$47,961 ","$46,012 ",4.24%
330,303,Wheelock College,"$47,870 ","$46,545 ",2.85%
331,316,Saint Peter's University,"$47,842 ","$46,340 ",3.24%
332,315,Randolph-Macon College,"$47,740 ","$46,368 ",2.96%
333,350,Seattle Pacific University,"$47,674 ","$45,447 ",4.90%
334,332,Saint Mary's College,"$47,660 ","$45,920 ",3.79%
335,327,Rochester Institute of Technology,"$47,627 ","$46,083 ",3.35%
336,325,Austin College,"$47,625 ","$46,097 ",3.31%
337,359,Erskine College,"$47,610 ","$45,215 ",5.30%
338,324,The College of New Rochelle,"$47,550 ","$46,110 ",3.12%
339,392,Saint Edward's University,"$47,500 ","$44,300 ",7.22%
340,342,Delaware Valley College,"$47,467 ","$45,608 ",4.08%
341,349,Morehouse College,"$47,345 ","$45,451 ",4.17%
342,339,Agnes Scott College,"$47,323 ","$45,691 ",3.57%
343,333,Methodist University,"$47,311 ","$45,909 ",3.05%
344,305,Albertus Magnus College,"$47,302 ","$46,528 ",1.66%
345,348,Siena College,"$47,265 ","$45,452 ",3.99%
346,346,Coe College,"$47,260 ","$45,520 ",3.82%
347,393,University of Washington-Bothell Campus,"$47,232 ","$44,259 ",6.72%
348,397,University of Washington-Tacoma Campus,"$47,223 ","$44,250 ",6.72%
349,1219,Pennsylvania Academy of the Fine Arts,"$47,180 ","$30,505 ",54.66%
350,336,Becker College,"$47,160 ","$45,720 ",3.15%
351,345,College of Saint Elizabeth,"$47,147 ","$45,539 ",3.53%
352,343,Augustana College,"$47,137 ","$45,598 ",3.38%
353,360,Adelphi University,"$47,110 ","$45,200 ",4.23%
354,309,LIM College,"$47,095 ","$46,445 ",1.40%
355,361,St Catherine University,"$47,012 ","$45,164 ",4.09%
356,308,American Jewish University,"$46,869 ","$46,466 ",0.87%
357,368,Champlain College,"$46,850 ","$44,961 ",4.20%
358,347,Fisher College,"$46,840 ","$45,499 ",2.95%
359,353,Wilkes University,"$46,786 ","$45,360 ",3.14%
360,344,Mitchell College,"$46,750 ","$45,586 ",2.55%
361,394,Wentworth Institute of Technology,"$46,750 ","$44,258 ",5.63%
362,367,Lycoming College,"$46,707 ","$45,027 ",3.73%
363,357,Nichols College,"$46,690 ","$45,270 ",3.14%
364,381,Millsaps College,"$46,680 ","$44,590 ",4.69%
365,372,Wabash College,"$46,660 ","$44,750 ",4.27%
366,375,Virginia Military Institute,"$46,630 ","$44,694 ",4.33%
367,362,Biola University,"$46,624 ","$45,153 ",3.26%
368,341,Embry-Riddle Aeronautical University-Daytona Beach,"$46,614 ","$45,648 ",2.12%
369,414,University of Washington-Seattle Campus,"$46,608 ","$43,621 ",6.85%
370,379,Marywood University,"$46,556 ","$44,600 ",4.39%
371,384,Colorado School of Mines,"$46,533 ","$44,531 ",4.50%
372,365,Xavier University,"$46,520 ","$45,080 ",3.19%
373,358,Springfield College,"$46,480 ","$45,220 ",2.79%
374,370,Oglethorpe University,"$46,430 ","$44,840 ",3.55%
375,377,Hamline University,"$46,398 ","$44,652 ",3.91%
376,363,Presbyterian College,"$46,378 ","$45,130 ",2.77%
377,321,Regis University,"$46,326 ","$46,197 ",0.28%
378,354,Embry-Riddle Aeronautical University-Prescott,"$46,314 ","$45,348 ",2.13%
379,355,Rosemont College,"$46,305 ","$45,325 ",2.16%
380,337,Muhlenberg Harold B and Dorothy A Snyder Schools-School of Imaging,"$46,305 ","$45,705 ",1.31%
381,373,Milwaukee School of Engineering,"$46,220 ","$44,738 ",3.31%
382,405,University of Connecticut,"$46,192 ","$43,954 ",5.09%
383,376,MCPHS University,"$46,179 ","$44,660 ",3.40%
384,374,Spring Hill College,"$46,170 ","$44,696 ",3.30%
385,400,Pennsylvania State University-Main Campus,"$46,166 ","$44,156 ",4.55%
386,366,Chatham University,"$46,162 ","$45,058 ",2.45%
387,387,Monmouth University,"$46,152 ","$44,423 ",3.89%
388,391,Randolph College,"$46,060 ","$44,330 ",3.90%
389,401,Elmhurst College,"$46,000 ","$44,000 ",4.55%
390,371,Lasell College,"$46,000 ","$44,800 ",2.68%
391,383,Azusa Pacific University,"$45,996 ","$44,561 ",3.22%
392,386,Green Mountain College,"$45,988 ","$44,446 ",3.47%
393,427,Beacon College,"$45,968 ","$43,277 ",6.22%
394,382,Indiana University-Bloomington,"$45,961 ","$44,566 ",3.13%
395,428,The University of Tennessee-Knoxville,"$45,940 ","$43,236 ",6.25%
396,364,Clemson University,"$45,936 ","$45,108 ",1.84%
397,388,Franklin Pierce University,"$45,898 ","$44,410 ",3.35%
398,396,Valparaiso University,"$45,860 ","$44,254 ",3.63%
399,408,University of North Carolina at Chapel Hill,"$45,806 ","$43,847 ",4.47%
400,369,Felician College,"$45,800 ","$44,850 ",2.12%
401,398,Saint Joseph's College of Maine,"$45,790 ","$44,230 ",3.53%
402,595,Virginia Commonwealth University,"$45,768 ","$39,628 ",15.49%
403,380,Sierra Nevada College,"$45,759 ","$44,591 ",2.62%
404,406,Notre Dame of Maryland University,"$45,650 ","$43,950 ",3.87%
405,403,Michigan State University,"$45,536 ","$43,986 ",3.52%
406,385,Endicott College,"$45,536 ","$44,500 ",2.33%
407,312,Miami University-Oxford,"$45,491 ","$46,422 ",-2.01%
408,378,Birmingham Southern College,"$45,470 ","$44,634 ",1.87%
409,404,King's College,"$45,468 ","$43,984 ",3.37%
410,402,Augsburg College,"$45,465 ","$43,997 ",3.34%
411,423,American Musical and Dramatic Academy,"$45,420 ","$43,408 ",4.64%
412,352,Kendall College,"$45,396 ","$45,396 ",0.00%
413,395,Guilford College,"$45,395 ","$44,255 ",2.58%
414,356,Cabrini College,"$45,322 ","$45,272 ",0.11%
415,420,Wartburg College,"$45,305 ","$43,455 ",4.26%
416,407,Trine University,"$45,250 ","$43,890 ",3.10%
417,441,Rockhurst University,"$45,235 ","$42,933 ",5.36%
418,418,Central College,"$45,151 ","$43,491 ",3.82%
419,482,Barry University,"$45,100 ","$42,100 ",7.13%
420,430,Saint Francis University,"$45,038 ","$43,178 ",4.31%
421,422,Cedar Crest College,"$45,021 ","$43,436 ",3.65%
422,456,Mount Ida College,"$44,945 ","$42,609 ",5.48%
423,419,American International College,"$44,900 ","$43,468 ",3.29%
424,417,Le Moyne College,"$44,900 ","$43,500 ",3.22%
425,431,Gordon College,"$44,860 ","$43,140 ",3.99%
426,424,Mercyhurst University,"$44,838 ","$43,378 ",3.37%
427,436,College of Mount Saint Vincent,"$44,835 ","$43,020 ",4.22%
428,447,North Central College,"$44,769 ","$42,783 ",4.64%
429,409,Maine College of Art,"$44,740 ","$43,810 ",2.12%
430,432,Massachusetts College of Art and Design,"$44,700 ","$43,100 ",3.71%
431,457,Lynchburg College,"$44,695 ","$42,585 ",4.95%
432,442,Jacksonville University,"$44,670 ","$42,824 ",4.31%
433,411,Roosevelt University,"$44,632 ","$43,650 ",2.25%
434,434,College of Our Lady of the Elms,"$44,612 ","$43,072 ",3.58%
435,439,Centenary College of Louisiana,"$44,600 ","$43,000 ",3.72%
436,421,Point Loma Nazarene University,"$44,593 ","$43,446 ",2.64%
437,448,Duquesne University,"$44,567 ","$42,782 ",4.17%
438,458,Bay Path College,"$44,559 ","$42,572 ",4.67%
439,435,Newbury College,"$44,550 ","$43,070 ",3.44%
440,415,New Jersey Institute of Technology,"$44,540 ","$43,590 ",2.18%
441,412,Maryville College,"$44,472 ","$43,638 ",1.91%
442,399,Chestnut Hill College,"$44,378 ","$44,162 ",0.49%
443,451,University of Oregon,"$44,377 ","$42,720 ",3.88%
444,410,University of Evansville,"$44,370 ","$43,700 ",1.53%
445,437,Marietta College,"$44,362 ","$43,006 ",3.15%
446,464,Oklahoma City University,"$44,356 ","$42,330 ",4.79%
447,425,Capital University,"$44,350 ","$43,364 ",2.27%
448,453,Drake University,"$44,349 ","$42,696 ",3.87%
449,438,Bethel University,"$44,300 ","$43,000 ",3.02%
450,480,Nazareth College,"$44,290 ","$42,118 ",5.16%
451,466,Alma College,"$44,287 ","$42,312 ",4.67%
452,440,Otterbein University,"$44,276 ","$42,948 ",3.09%
453,433,Citadel Military College of South Carolina,"$44,243 ","$43,080 ",2.70%
454,503,Union University,"$44,220 ","$41,510 ",6.53%
455,462,Virginia Wesleyan College,"$44,190 ","$42,386 ",4.26%
456,474,Hanover College,"$44,150 ","$42,198 ",4.63%
457,518,Queens University of Charlotte,"$44,124 ","$41,168 ",7.18%
458,470,Georgetown College,"$44,110 ","$42,260 ",4.38%
459,483,Saint Martin's University,"$44,038 ","$42,100 ",4.60%
460,449,George Mason University,"$44,019 ","$42,776 ",2.91%
461,454,Dowling College,"$43,962 ","$42,696 ",2.97%
462,4747,High Point University,"$43,900 ","$2,300 ",1808.70%
463,489,Seton Hill University,"$43,900 ","$42,010 ",4.50%
464,493,Berry College,"$43,834 ","$41,749 ",4.99%
465,445,William Jewell College,"$43,820 ","$42,790 ",2.41%
466,426,Westminster College,"$43,805 ","$43,280 ",1.21%
467,455,George Fox University,"$43,800 ","$42,660 ",2.67%
468,475,Caldwell College,"$43,800 ","$42,190 ",3.82%
469,460,Rutgers University-Newark,"$43,792 ","$42,508 ",3.02%
470,698,Vaughn College of Aeronautics and Technology,"$43,726 ","$37,729 ",15.89%
471,526,Molloy College,"$43,718 ","$40,996 ",6.64%
472,497,Transylvania University,"$43,640 ","$41,720 ",4.60%
473,459,Naropa University,"$43,620 ","$42,567 ",2.47%
474,479,Shenandoah University,"$43,598 ","$42,140 ",3.46%
475,416,Valley Forge Military College,"$43,595 ","$43,500 ",0.22%
476,499,Nova Southeastern University,"$43,580 ","$41,680 ",4.56%
477,511,Santa Fe University of Art and Design,"$43,568 ","$41,402 ",5.23%
478,478,Minneapolis College of Art and Design,"$43,560 ","$42,144 ",3.36%
479,544,Stevenson University,"$43,556 ","$40,599 ",7.28%
480,485,Concordia University-Irvine,"$43,550 ","$42,070 ",3.52%
481,490,Elon University,"$43,546 ","$41,960 ",3.78%
482,443,Milwaukee Institute of Art & Design,"$43,499 ","$42,813 ",1.60%
483,481,Rutgers University-New Brunswick,"$43,492 ","$42,118 ",3.26%
484,452,University of Illinois at Urbana-Champaign,"$43,468 ","$42,706 ",1.78%
485,465,Centenary College,"$43,435 ","$42,321 ",2.63%
486,492,University of Delaware,"$43,432 ","$41,830 ",3.83%
487,463,St Mary's College of Maryland,"$43,399 ","$42,378 ",2.41%
488,519,Lenoir-Rhyne University,"$43,360 ","$41,074 ",5.57%
489,553,Simpson College,"$43,350 ","$40,492 ",7.06%
490,495,Bridgewater College,"$43,310 ","$41,730 ",3.79%
491,510,Cazenovia College,"$43,290 ","$41,420 ",4.51%
492,477,Georgian Court University,"$43,276 ","$42,150 ",2.67%
493,487,Alvernia University,"$43,250 ","$42,030 ",2.90%
494,494,Laguna College of Art and Design,"$43,238 ","$41,738 ",3.59%
495,563,Rivier University,"$43,227 ","$40,351 ",7.13%
496,897,St Francis College,"$43,200 ","$34,550 ",25.04%
497,429,Alaska Pacific University,"$43,180 ","$43,180 ",0.00%
498,450,Hiram College,"$43,145 ","$42,745 ",0.94%
499,517,Soka University of America,"$43,128 ","$41,274 ",4.49%
500,532,College of Charleston,"$43,120 ","$40,852 ",5.55%
